Course Name,Level,Description,Learning Outcomes,Price,Discount Offer,Instructor Bio,Instructor Credentials,Student Testimonial,Success Story,FAQ,Common Objection,Objection Answer,Course Comparison
Web Development Mastery Program 1,Beginner,"A comprehensive beginner program covering modern web development practices through projects, assignments, and real-world case studies.","Develop practical web development skills, complete industry-style projects, and build professional confidence.",$120,10% discount for early enrollment.,Instructor 1 has 6 years of experience and has trained professionals across multiple industries.,"Industry certification level 1, conference speaker, and mentor.",Student review 1: The course provided valuable practical knowledge and helped accelerate career growth.,"Learner 1 completed the course, built a strong portfolio, and achieved measurable professional advancement.","Can I learn at my own pace? Yes, all lessons are self-paced and available on demand.",I am worried that the course may be too difficult.,"Step-by-step guidance, support resources, and practical examples help learners progress confidently.",Beginner course compared with other levels; focus varies from fundamentals to advanced implementation.
Cloud Computing Mastery Program 2,Intermediate,"A comprehensive intermediate program covering modern cloud computing practices through projects, assignments, and real-world case studies.","Develop practical cloud computing skills, complete industry-style projects, and build professional confidence.",$127,11% discount for early enrollment.,Instructor 2 has 7 years of experience and has trained professionals across multiple industries.,"Industry certification level 2, conference speaker, and mentor.",Student review 2: The course provided valuable practical knowledge and helped accelerate career growth.,"Learner 2 completed the course, built a strong portfolio, and achieved measurable professional advancement.","Can I learn at my own pace? Yes, all lessons are self-paced and available on demand.",I am worried that the course may be too difficult.,"Step-by-step guidance, support resources, and practical examples help learners progress confidently.",Intermediate course compared with other levels; focus varies from fundamentals to advanced implementation.
Cybersecurity Mastery Program 3,Advanced,"A comprehensive advanced program covering modern cybersecurity practices through projects, assignments, and real-world case studies.","Develop practical cybersecurity skills, complete industry-style projects, and build professional confidence.",$134,12% discount for early enrollment.,Instructor 3 has 8 years of experience and has trained professionals across multiple industries.,"Industry certification level 3, conference speaker, and mentor.",Student review 3: The course provided valuable practical knowledge and helped accelerate career growth.,"Learner 3 completed the course, built a strong portfolio, and achieved measurable professional advancement.","Can I learn at my own pace? Yes, all lessons are self-paced and available on demand.",I am worried that the course may be too difficult.,"Step-by-step guidance, support resources, and practical examples help learners progress confidently.",Advanced course compared with other levels; focus varies from fundamentals to advanced implementation.
Data Science Mastery Program 4,Beginner,"A comprehensive beginner program covering modern data science practices through projects, assignments, and real-world case studies.","Develop practical data science skills, complete industry-style projects, and build professional confidence.",$141,13% discount for early enrollment.,Instructor 4 has 9 years of experience and has trained professionals across multiple industries.,"Industry certification level 4, conference speaker, and mentor.",Student review 4: The course provided valuable practical knowledge and helped accelerate career growth.,"Learner 4 completed the course, built a strong portfolio, and achieved measurable professional advancement.","Can I learn at my own pace? Yes, all lessons are self-paced and available on demand.",I am worried that the course may be too difficult.,"Step-by-step guidance, support resources, and practical examples help learners progress confidently.",Beginner course compared with other levels; focus varies from fundamentals to advanced implementation.
Artificial Intelligence Mastery Program 5,Intermediate,"A comprehensive intermediate program covering modern artificial intelligence practices through projects, assignments, and real-world case studies.","Develop practical artificial intelligence skills, complete industry-style projects, and build professional confidence.",$148,14% discount for early enrollment.,Instructor 5 has 10 years of experience and has trained professionals across multiple industries.,"Industry certification level 5, conference speaker, and mentor.",Student review 5: The course provided valuable practical knowledge and helped accelerate career growth.,"Learner 5 completed the course, built a strong portfolio, and achieved measurable professional advancement.","Can I learn at my own pace? Yes, all lessons are self-paced and available on demand.",I am worried that the course may be too difficult.,"Step-by-step guidance, support resources, and practical examples help learners progress confidently.",Intermediate course compared with other levels; focus varies from fundamentals to advanced implementation.
Machine Learning Mastery Program 6,Advanced,"A comprehensive advanced program covering modern machine learning practices through projects, assignments, and real-world case studies.","Develop practical machine learning skills, complete industry-style projects, and build professional confidence.",$155,15% discount for early enrollment.,Instructor 6 has 11 years of experience and has trained professionals across multiple industries.,"Industry certification level 6, conference speaker, and mentor.",Student review 6: The course provided valuable practical knowledge and helped accelerate career growth.,"Learner 6 completed the course, built a strong portfolio, and achieved measurable professional advancement.","Can I learn at my own pace? Yes, all lessons are self-paced and available on demand.",I am worried that the course may be too difficult.,"Step-by-step guidance, support resources, and practical examples help learners progress confidently.",Advanced course compared with other levels; focus varies from fundamentals to advanced implementation.
DevOps Mastery Program 7,Beginner,"A comprehensive beginner program covering modern devops practices through projects, assignments, and real-world case studies.","Develop practical devops skills, complete industry-style projects, and build professional confidence.",$162,16% discount for early enrollment.,Instructor 7 has 12 years of experience and has trained professionals across multiple industries.,"Industry certification level 7, conference speaker, and mentor.",Student review 7: The course provided valuable practical knowledge and helped accelerate career growth.,"Learner 7 completed the course, built a strong portfolio, and achieved measurable professional advancement.","Can I learn at my own pace? Yes, all lessons are self-paced and available on demand.",I am worried that the course may be too difficult.,"Step-by-step guidance, support resources, and practical examples help learners progress confidently.",Beginner course compared with other levels; focus varies from fundamentals to advanced implementation.
Mobile Development Mastery Program 8,Intermediate,"A comprehensive intermediate program covering modern mobile development practices through projects, assignments, and real-world case studies.","Develop practical mobile development skills, complete industry-style projects, and build professional confidence.",$169,17% discount for early enrollment.,Instructor 8 has 13 years of experience and has trained professionals across multiple industries.,"Industry certification level 8, conference speaker, and mentor.",Student review 8: The course provided valuable practical knowledge and helped accelerate career growth.,"Learner 8 completed the course, built a strong portfolio, and achieved measurable professional advancement.","Can I learn at my own pace? Yes, all lessons are self-paced and available on demand.",I am worried that the course may be too difficult.,"Step-by-step guidance, support resources, and practical examples help learners progress confidently.",Intermediate course compared with other levels; focus varies from fundamentals to advanced implementation.
UI UX Design Mastery Program 9,Advanced,"A comprehensive advanced program covering modern ui ux design practices through projects, assignments, and real-world case studies.","Develop practical ui ux design skills, complete industry-style projects, and build professional confidence.",$176,18% discount for early enrollment.,Instructor 9 has 14 years of experience and has trained professionals across multiple industries.,"Industry certification level 1, conference speaker, and mentor.",Student review 9: The course provided valuable practical knowledge and helped accelerate career growth.,"Learner 9 completed the course, built a strong portfolio, and achieved measurable professional advancement.","Can I learn at my own pace? Yes, all lessons are self-paced and available on demand.",I am worried that the course may be too difficult.,"Step-by-step guidance, support resources, and practical examples help learners progress confidently.",Advanced course compared with other levels; focus varies from fundamentals to advanced implementation.
Digital Marketing Mastery Program 10,Beginner,"A comprehensive beginner program covering modern digital marketing practices through projects, assignments, and real-world case studies.","Develop practical digital marketing skills, complete industry-style projects, and build professional confidence.",$183,19% discount for early enrollment.,Instructor 10 has 15 years of experience and has trained professionals across multiple industries.,"Industry certification level 2, conference speaker, and mentor.",Student review 10: The course provided valuable practical knowledge and helped accelerate career growth.,"Learner 10 completed the course, built a strong portfolio, and achieved measurable professional advancement.","Can I learn at my own pace? Yes, all lessons are self-paced and available on demand.",I am worried that the course may be too difficult.,"Step-by-step guidance, support resources, and practical examples help learners progress confidently.",Beginner course compared with other levels; focus varies from fundamentals to advanced implementation.
Project Management Mastery Program 11,Intermediate,"A comprehensive intermediate program covering modern project management practices through projects, assignments, and real-world case studies.","Develop practical project management skills, complete industry-style projects, and build professional confidence.",$190,20% discount for early enrollment.,Instructor 11 has 16 years of experience and has trained professionals across multiple industries.,"Industry certification level 3, conference speaker, and mentor.",Student review 11: The course provided valuable practical knowledge and helped accelerate career growth.,"Learner 11 completed the course, built a strong portfolio, and achieved measurable professional advancement.","Can I learn at my own pace? Yes, all lessons are self-paced and available on demand.",I am worried that the course may be too difficult.,"Step-by-step guidance, support resources, and practical examples help learners progress confidently.",Intermediate course compared with other levels; focus varies from fundamentals to advanced implementation.
Business Analytics Mastery Program 12,Advanced,"A comprehensive advanced program covering modern business analytics practices through projects, assignments, and real-world case studies.","Develop practical business analytics skills, complete industry-style projects, and build professional confidence.",$197,21% discount for early enrollment.,Instructor 12 has 17 years of experience and has trained professionals across multiple industries.,"Industry certification level 4, conference speaker, and mentor.",Student review 12: The course provided valuable practical knowledge and helped accelerate career growth.,"Learner 12 completed the course, built a strong portfolio, and achieved measurable professional advancement.","Can I learn at my own pace? Yes, all lessons are self-paced and available on demand.",I am worried that the course may be too difficult.,"Step-by-step guidance, support resources, and practical examples help learners progress confidently.",Advanced course compared with other levels; focus varies from fundamentals to advanced implementation.
Leadership Mastery Program 13,Beginner,"A comprehensive beginner program covering modern leadership practices through projects, assignments, and real-world case studies.","Develop practical leadership skills, complete industry-style projects, and build professional confidence.",$204,22% discount for early enrollment.,Instructor 13 has 6 years of experience and has trained professionals across multiple industries.,"Industry certification level 5, conference speaker, and mentor.",Student review 13: The course provided valuable practical knowledge and helped accelerate career growth.,"Learner 13 completed the course, built a strong portfolio, and achieved measurable professional advancement.","Can I learn at my own pace? Yes, all lessons are self-paced and available on demand.",I am worried that the course may be too difficult.,"Step-by-step guidance, support resources, and practical examples help learners progress confidently.",Beginner course compared with other levels; focus varies from fundamentals to advanced implementation.
Finance Mastery Program 14,Intermediate,"A comprehensive intermediate program covering modern finance practices through projects, assignments, and real-world case studies.","Develop practical finance skills, complete industry-style projects, and build professional confidence.",$211,23% discount for early enrollment.,Instructor 14 has 7 years of experience and has trained professionals across multiple industries.,"Industry certification level 6, conference speaker, and mentor.",Student review 14: The course provided valuable practical knowledge and helped accelerate career growth.,"Learner 14 completed the course, built a strong portfolio, and achieved measurable professional advancement.","Can I learn at my own pace? Yes, all lessons are self-paced and available on demand.",I am worried that the course may be too difficult.,"Step-by-step guidance, support resources, and practical examples help learners progress confidently.",Intermediate course compared with other levels; focus varies from fundamentals to advanced implementation.
Human Resources Mastery Program 15,Advanced,"A comprehensive advanced program covering modern human resources practices through projects, assignments, and real-world case studies.","Develop practical human resources skills, complete industry-style projects, and build professional confidence.",$218,24% discount for early enrollment.,Instructor 15 has 8 years of experience and has trained professionals across multiple industries.,"Industry certification level 7, conference speaker, and mentor.",Student review 15: The course provided valuable practical knowledge and helped accelerate career growth.,"Learner 15 completed the course, built a strong portfolio, and achieved measurable professional advancement.","Can I learn at my own pace? Yes, all lessons are self-paced and available on demand.",I am worried that the course may be too difficult.,"Step-by-step guidance, support resources, and practical examples help learners progress confidently.",Advanced course compared with other levels; focus varies from fundamentals to advanced implementation.
Content Writing Mastery Program 16,Beginner,"A comprehensive beginner program covering modern content writing practices through projects, assignments, and real-world case studies.","Develop practical content writing skills, complete industry-style projects, and build professional confidence.",$225,25% discount for early enrollment.,Instructor 16 has 9 years of experience and has trained professionals across multiple industries.,"Industry certification level 8, conference speaker, and mentor.",Student review 16: The course provided valuable practical knowledge and helped accelerate career growth.,"Learner 16 completed the course, built a strong portfolio, and achieved measurable professional advancement.","Can I learn at my own pace? Yes, all lessons are self-paced and available on demand.",I am worried that the course may be too difficult.,"Step-by-step guidance, support resources, and practical examples help learners progress confidently.",Beginner course compared with other levels; focus varies from fundamentals to advanced implementation.
Graphic Design Mastery Program 17,Intermediate,"A comprehensive intermediate program covering modern graphic design practices through projects, assignments, and real-world case studies.","Develop practical graphic design skills, complete industry-style projects, and build professional confidence.",$232,26% discount for early enrollment.,Instructor 17 has 10 years of experience and has trained professionals across multiple industries.,"Industry certification level 1, conference speaker, and mentor.",Student review 17: The course provided valuable practical knowledge and helped accelerate career growth.,"Learner 17 completed the course, built a strong portfolio, and achieved measurable professional advancement.","Can I learn at my own pace? Yes, all lessons are self-paced and available on demand.",I am worried that the course may be too difficult.,"Step-by-step guidance, support resources, and practical examples help learners progress confidently.",Intermediate course compared with other levels; focus varies from fundamentals to advanced implementation.
Video Editing Mastery Program 18,Advanced,"A comprehensive advanced program covering modern video editing practices through projects, assignments, and real-world case studies.","Develop practical video editing skills, complete industry-style projects, and build professional confidence.",$239,27% discount for early enrollment.,Instructor 18 has 11 years of experience and has trained professionals across multiple industries.,"Industry certification level 2, conference speaker, and mentor.",Student review 18: The course provided valuable practical knowledge and helped accelerate career growth.,"Learner 18 completed the course, built a strong portfolio, and achieved measurable professional advancement.","Can I learn at my own pace? Yes, all lessons are self-paced and available on demand.",I am worried that the course may be too difficult.,"Step-by-step guidance, support resources, and practical examples help learners progress confidently.",Advanced course compared with other levels; focus varies from fundamentals to advanced implementation.
Photography Mastery Program 19,Beginner,"A comprehensive beginner program covering modern photography practices through projects, assignments, and real-world case studies.","Develop practical photography skills, complete industry-style projects, and build professional confidence.",$246,28% discount for early enrollment.,Instructor 19 has 12 years of experience and has trained professionals across multiple industries.,"Industry certification level 3, conference speaker, and mentor.",Student review 19: The course provided valuable practical knowledge and helped accelerate career growth.,"Learner 19 completed the course, built a strong portfolio, and achieved measurable professional advancement.","Can I learn at my own pace? Yes, all lessons are self-paced and available on demand.",I am worried that the course may be too difficult.,"Step-by-step guidance, support resources, and practical examples help learners progress confidently.",Beginner course compared with other levels; focus varies from fundamentals to advanced implementation.
E Commerce Mastery Program 20,Intermediate,"A comprehensive intermediate program covering modern e commerce practices through projects, assignments, and real-world case studies.","Develop practical e commerce skills, complete industry-style projects, and build professional confidence.",$253,29% discount for early enrollment.,Instructor 20 has 13 years of experience and has trained professionals across multiple industries.,"Industry certification level 4, conference speaker, and mentor.",Student review 20: The course provided valuable practical knowledge and helped accelerate career growth.,"Learner 20 completed the course, built a strong portfolio, and achieved measurable professional advancement.","Can I learn at my own pace? Yes, all lessons are self-paced and available on demand.",I am worried that the course may be too difficult.,"Step-by-step guidance, support resources, and practical examples help learners progress confidently.",Intermediate course compared with other levels; focus varies from fundamentals to advanced implementation.
Sales Management Mastery Program 21,Advanced,"A comprehensive advanced program covering modern sales management practices through projects, assignments, and real-world case studies.","Develop practical sales management skills, complete industry-style projects, and build professional confidence.",$260,10% discount for early enrollment.,Instructor 21 has 14 years of experience and has trained professionals across multiple industries.,"Industry certification level 5, conference speaker, and mentor.",Student review 21: The course provided valuable practical knowledge and helped accelerate career growth.,"Learner 21 completed the course, built a strong portfolio, and achieved measurable professional advancement.","Can I learn at my own pace? Yes, all lessons are self-paced and available on demand.",I am worried that the course may be too difficult.,"Step-by-step guidance, support resources, and practical examples help learners progress confidently.",Advanced course compared with other levels; focus varies from fundamentals to advanced implementation.
Customer Success Mastery Program 22,Beginner,"A comprehensive beginner program covering modern customer success practices through projects, assignments, and real-world case studies.","Develop practical customer success skills, complete industry-style projects, and build professional confidence.",$267,11% discount for early enrollment.,Instructor 22 has 15 years of experience and has trained professionals across multiple industries.,"Industry certification level 6, conference speaker, and mentor.",Student review 22: The course provided valuable practical knowledge and helped accelerate career growth.,"Learner 22 completed the course, built a strong portfolio, and achieved measurable professional advancement.","Can I learn at my own pace? Yes, all lessons are self-paced and available on demand.",I am worried that the course may be too difficult.,"Step-by-step guidance, support resources, and practical examples help learners progress confidently.",Beginner course compared with other levels; focus varies from fundamentals to advanced implementation.
Blockchain Mastery Program 23,Intermediate,"A comprehensive intermediate program covering modern blockchain practices through projects, assignments, and real-world case studies.","Develop practical blockchain skills, complete industry-style projects, and build professional confidence.",$274,12% discount for early enrollment.,Instructor 23 has 16 years of experience and has trained professionals across multiple industries.,"Industry certification level 7, conference speaker, and mentor.",Student review 23: The course provided valuable practical knowledge and helped accelerate career growth.,"Learner 23 completed the course, built a strong portfolio, and achieved measurable professional advancement.","Can I learn at my own pace? Yes, all lessons are self-paced and available on demand.",I am worried that the course may be too difficult.,"Step-by-step guidance, support resources, and practical examples help learners progress confidently.",Intermediate course compared with other levels; focus varies from fundamentals to advanced implementation.
Game Development Mastery Program 24,Advanced,"A comprehensive advanced program covering modern game development practices through projects, assignments, and real-world case studies.","Develop practical game development skills, complete industry-style projects, and build professional confidence.",$281,13% discount for early enrollment.,Instructor 24 has 17 years of experience and has trained professionals across multiple industries.,"Industry certification level 8, conference speaker, and mentor.",Student review 24: The course provided valuable practical knowledge and helped accelerate career growth.,"Learner 24 completed the course, built a strong portfolio, and achieved measurable professional advancement.","Can I learn at my own pace? Yes, all lessons are self-paced and available on demand.",I am worried that the course may be too difficult.,"Step-by-step guidance, support resources, and practical examples help learners progress confidently.",Advanced course compared with other levels; focus varies from fundamentals to advanced implementation.
QA Testing Mastery Program 25,Beginner,"A comprehensive beginner program covering modern qa testing practices through projects, assignments, and real-world case studies.","Develop practical qa testing skills, complete industry-style projects, and build professional confidence.",$288,14% discount for early enrollment.,Instructor 25 has 6 years of experience and has trained professionals across multiple industries.,"Industry certification level 1, conference speaker, and mentor.",Student review 25: The course provided valuable practical knowledge and helped accelerate career growth.,"Learner 25 completed the course, built a strong portfolio, and achieved measurable professional advancement.","Can I learn at my own pace? Yes, all lessons are self-paced and available on demand.",I am worried that the course may be too difficult.,"Step-by-step guidance, support resources, and practical examples help learners progress confidently.",Beginner course compared with other levels; focus varies from fundamentals to advanced implementation.
Web Development Mastery Program 26,Intermediate,"A comprehensive intermediate program covering modern web development practices through projects, assignments, and real-world case studies.","Develop practical web development skills, complete industry-style projects, and build professional confidence.",$295,15% discount for early enrollment.,Instructor 26 has 7 years of experience and has trained professionals across multiple industries.,"Industry certification level 2, conference speaker, and mentor.",Student review 26: The course provided valuable practical knowledge and helped accelerate career growth.,"Learner 26 completed the course, built a strong portfolio, and achieved measurable professional advancement.","Can I learn at my own pace? Yes, all lessons are self-paced and available on demand.",I am worried that the course may be too difficult.,"Step-by-step guidance, support resources, and practical examples help learners progress confidently.",Intermediate course compared with other levels; focus varies from fundamentals to advanced implementation.
Cloud Computing Mastery Program 27,Advanced,"A comprehensive advanced program covering modern cloud computing practices through projects, assignments, and real-world case studies.","Develop practical cloud computing skills, complete industry-style projects, and build professional confidence.",$302,16% discount for early enrollment.,Instructor 27 has 8 years of experience and has trained professionals across multiple industries.,"Industry certification level 3, conference speaker, and mentor.",Student review 27: The course provided valuable practical knowledge and helped accelerate career growth.,"Learner 27 completed the course, built a strong portfolio, and achieved measurable professional advancement.","Can I learn at my own pace? Yes, all lessons are self-paced and available on demand.",I am worried that the course may be too difficult.,"Step-by-step guidance, support resources, and practical examples help learners progress confidently.",Advanced course compared with other levels; focus varies from fundamentals to advanced implementation.
Cybersecurity Mastery Program 28,Beginner,"A comprehensive beginner program covering modern cybersecurity practices through projects, assignments, and real-world case studies.","Develop practical cybersecurity skills, complete industry-style projects, and build professional confidence.",$309,17% discount for early enrollment.,Instructor 28 has 9 years of experience and has trained professionals across multiple industries.,"Industry certification level 4, conference speaker, and mentor.",Student review 28: The course provided valuable practical knowledge and helped accelerate career growth.,"Learner 28 completed the course, built a strong portfolio, and achieved measurable professional advancement.","Can I learn at my own pace? Yes, all lessons are self-paced and available on demand.",I am worried that the course may be too difficult.,"Step-by-step guidance, support resources, and practical examples help learners progress confidently.",Beginner course compared with other levels; focus varies from fundamentals to advanced implementation.
Data Science Mastery Program 29,Intermediate,"A comprehensive intermediate program covering modern data science practices through projects, assignments, and real-world case studies.","Develop practical data science skills, complete industry-style projects, and build professional confidence.",$316,18% discount for early enrollment.,Instructor 29 has 10 years of experience and has trained professionals across multiple industries.,"Industry certification level 5, conference speaker, and mentor.",Student review 29: The course provided valuable practical knowledge and helped accelerate career growth.,"Learner 29 completed the course, built a strong portfolio, and achieved measurable professional advancement.","Can I learn at my own pace? Yes, all lessons are self-paced and available on demand.",I am worried that the course may be too difficult.,"Step-by-step guidance, support resources, and practical examples help learners progress confidently.",Intermediate course compared with other levels; focus varies from fundamentals to advanced implementation.
Artificial Intelligence Mastery Program 30,Advanced,"A comprehensive advanced program covering modern artificial intelligence practices through projects, assignments, and real-world case studies.","Develop practical artificial intelligence skills, complete industry-style projects, and build professional confidence.",$323,19% discount for early enrollment.,Instructor 30 has 11 years of experience and has trained professionals across multiple industries.,"Industry certification level 6, conference speaker, and mentor.",Student review 30: The course provided valuable practical knowledge and helped accelerate career growth.,"Learner 30 completed the course, built a strong portfolio, and achieved measurable professional advancement.","Can I learn at my own pace? Yes, all lessons are self-paced and available on demand.",I am worried that the course may be too difficult.,"Step-by-step guidance, support resources, and practical examples help learners progress confidently.",Advanced course compared with other levels; focus varies from fundamentals to advanced implementation.
Machine Learning Mastery Program 31,Beginner,"A comprehensive beginner program covering modern machine learning practices through projects, assignments, and real-world case studies.","Develop practical machine learning skills, complete industry-style projects, and build professional confidence.",$330,20% discount for early enrollment.,Instructor 31 has 12 years of experience and has trained professionals across multiple industries.,"Industry certification level 7, conference speaker, and mentor.",Student review 31: The course provided valuable practical knowledge and helped accelerate career growth.,"Learner 31 completed the course, built a strong portfolio, and achieved measurable professional advancement.","Can I learn at my own pace? Yes, all lessons are self-paced and available on demand.",I am worried that the course may be too difficult.,"Step-by-step guidance, support resources, and practical examples help learners progress confidently.",Beginner course compared with other levels; focus varies from fundamentals to advanced implementation.
DevOps Mastery Program 32,Intermediate,"A comprehensive intermediate program covering modern devops practices through projects, assignments, and real-world case studies.","Develop practical devops skills, complete industry-style projects, and build professional confidence.",$337,21% discount for early enrollment.,Instructor 32 has 13 years of experience and has trained professionals across multiple industries.,"Industry certification level 8, conference speaker, and mentor.",Student review 32: The course provided valuable practical knowledge and helped accelerate career growth.,"Learner 32 completed the course, built a strong portfolio, and achieved measurable professional advancement.","Can I learn at my own pace? Yes, all lessons are self-paced and available on demand.",I am worried that the course may be too difficult.,"Step-by-step guidance, support resources, and practical examples help learners progress confidently.",Intermediate course compared with other levels; focus varies from fundamentals to advanced implementation.
Mobile Development Mastery Program 33,Advanced,"A comprehensive advanced program covering modern mobile development practices through projects, assignments, and real-world case studies.","Develop practical mobile development skills, complete industry-style projects, and build professional confidence.",$344,22% discount for early enrollment.,Instructor 33 has 14 years of experience and has trained professionals across multiple industries.,"Industry certification level 1, conference speaker, and mentor.",Student review 33: The course provided valuable practical knowledge and helped accelerate career growth.,"Learner 33 completed the course, built a strong portfolio, and achieved measurable professional advancement.","Can I learn at my own pace? Yes, all lessons are self-paced and available on demand.",I am worried that the course may be too difficult.,"Step-by-step guidance, support resources, and practical examples help learners progress confidently.",Advanced course compared with other levels; focus varies from fundamentals to advanced implementation.
UI UX Design Mastery Program 34,Beginner,"A comprehensive beginner program covering modern ui ux design practices through projects, assignments, and real-world case studies.","Develop practical ui ux design skills, complete industry-style projects, and build professional confidence.",$351,23% discount for early enrollment.,Instructor 34 has 15 years of experience and has trained professionals across multiple industries.,"Industry certification level 2, conference speaker, and mentor.",Student review 34: The course provided valuable practical knowledge and helped accelerate career growth.,"Learner 34 completed the course, built a strong portfolio, and achieved measurable professional advancement.","Can I learn at my own pace? Yes, all lessons are self-paced and available on demand.",I am worried that the course may be too difficult.,"Step-by-step guidance, support resources, and practical examples help learners progress confidently.",Beginner course compared with other levels; focus varies from fundamentals to advanced implementation.
Digital Marketing Mastery Program 35,Intermediate,"A comprehensive intermediate program covering modern digital marketing practices through projects, assignments, and real-world case studies.","Develop practical digital marketing skills, complete industry-style projects, and build professional confidence.",$358,24% discount for early enrollment.,Instructor 35 has 16 years of experience and has trained professionals across multiple industries.,"Industry certification level 3, conference speaker, and mentor.",Student review 35: The course provided valuable practical knowledge and helped accelerate career growth.,"Learner 35 completed the course, built a strong portfolio, and achieved measurable professional advancement.","Can I learn at my own pace? Yes, all lessons are self-paced and available on demand.",I am worried that the course may be too difficult.,"Step-by-step guidance, support resources, and practical examples help learners progress confidently.",Intermediate course compared with other levels; focus varies from fundamentals to advanced implementation.
Project Management Mastery Program 36,Advanced,"A comprehensive advanced program covering modern project management practices through projects, assignments, and real-world case studies.","Develop practical project management skills, complete industry-style projects, and build professional confidence.",$365,25% discount for early enrollment.,Instructor 36 has 17 years of experience and has trained professionals across multiple industries.,"Industry certification level 4, conference speaker, and mentor.",Student review 36: The course provided valuable practical knowledge and helped accelerate career growth.,"Learner 36 completed the course, built a strong portfolio, and achieved measurable professional advancement.","Can I learn at my own pace? Yes, all lessons are self-paced and available on demand.",I am worried that the course may be too difficult.,"Step-by-step guidance, support resources, and practical examples help learners progress confidently.",Advanced course compared with other levels; focus varies from fundamentals to advanced implementation.
Business Analytics Mastery Program 37,Beginner,"A comprehensive beginner program covering modern business analytics practices through projects, assignments, and real-world case studies.","Develop practical business analytics skills, complete industry-style projects, and build professional confidence.",$372,26% discount for early enrollment.,Instructor 37 has 6 years of experience and has trained professionals across multiple industries.,"Industry certification level 5, conference speaker, and mentor.",Student review 37: The course provided valuable practical knowledge and helped accelerate career growth.,"Learner 37 completed the course, built a strong portfolio, and achieved measurable professional advancement.","Can I learn at my own pace? Yes, all lessons are self-paced and available on demand.",I am worried that the course may be too difficult.,"Step-by-step guidance, support resources, and practical examples help learners progress confidently.",Beginner course compared with other levels; focus varies from fundamentals to advanced implementation.
Leadership Mastery Program 38,Intermediate,"A comprehensive intermediate program covering modern leadership practices through projects, assignments, and real-world case studies.","Develop practical leadership skills, complete industry-style projects, and build professional confidence.",$379,27% discount for early enrollment.,Instructor 38 has 7 years of experience and has trained professionals across multiple industries.,"Industry certification level 6, conference speaker, and mentor.",Student review 38: The course provided valuable practical knowledge and helped accelerate career growth.,"Learner 38 completed the course, built a strong portfolio, and achieved measurable professional advancement.","Can I learn at my own pace? Yes, all lessons are self-paced and available on demand.",I am worried that the course may be too difficult.,"Step-by-step guidance, support resources, and practical examples help learners progress confidently.",Intermediate course compared with other levels; focus varies from fundamentals to advanced implementation.
Finance Mastery Program 39,Advanced,"A comprehensive advanced program covering modern finance practices through projects, assignments, and real-world case studies.","Develop practical finance skills, complete industry-style projects, and build professional confidence.",$386,28% discount for early enrollment.,Instructor 39 has 8 years of experience and has trained professionals across multiple industries.,"Industry certification level 7, conference speaker, and mentor.",Student review 39: The course provided valuable practical knowledge and helped accelerate career growth.,"Learner 39 completed the course, built a strong portfolio, and achieved measurable professional advancement.","Can I learn at my own pace? Yes, all lessons are self-paced and available on demand.",I am worried that the course may be too difficult.,"Step-by-step guidance, support resources, and practical examples help learners progress confidently.",Advanced course compared with other levels; focus varies from fundamentals to advanced implementation.
Human Resources Mastery Program 40,Beginner,"A comprehensive beginner program covering modern human resources practices through projects, assignments, and real-world case studies.","Develop practical human resources skills, complete industry-style projects, and build professional confidence.",$393,29% discount for early enrollment.,Instructor 40 has 9 years of experience and has trained professionals across multiple industries.,"Industry certification level 8, conference speaker, and mentor.",Student review 40: The course provided valuable practical knowledge and helped accelerate career growth.,"Learner 40 completed the course, built a strong portfolio, and achieved measurable professional advancement.","Can I learn at my own pace? Yes, all lessons are self-paced and available on demand.",I am worried that the course may be too difficult.,"Step-by-step guidance, support resources, and practical examples help learners progress confidently.",Beginner course compared with other levels; focus varies from fundamentals to advanced implementation.
Content Writing Mastery Program 41,Intermediate,"A comprehensive intermediate program covering modern content writing practices through projects, assignments, and real-world case studies.","Develop practical content writing skills, complete industry-style projects, and build professional confidence.",$400,10% discount for early enrollment.,Instructor 41 has 10 years of experience and has trained professionals across multiple industries.,"Industry certification level 1, conference speaker, and mentor.",Student review 41: The course provided valuable practical knowledge and helped accelerate career growth.,"Learner 41 completed the course, built a strong portfolio, and achieved measurable professional advancement.","Can I learn at my own pace? Yes, all lessons are self-paced and available on demand.",I am worried that the course may be too difficult.,"Step-by-step guidance, support resources, and practical examples help learners progress confidently.",Intermediate course compared with other levels; focus varies from fundamentals to advanced implementation.
Graphic Design Mastery Program 42,Advanced,"A comprehensive advanced program covering modern graphic design practices through projects, assignments, and real-world case studies.","Develop practical graphic design skills, complete industry-style projects, and build professional confidence.",$407,11% discount for early enrollment.,Instructor 42 has 11 years of experience and has trained professionals across multiple industries.,"Industry certification level 2, conference speaker, and mentor.",Student review 42: The course provided valuable practical knowledge and helped accelerate career growth.,"Learner 42 completed the course, built a strong portfolio, and achieved measurable professional advancement.","Can I learn at my own pace? Yes, all lessons are self-paced and available on demand.",I am worried that the course may be too difficult.,"Step-by-step guidance, support resources, and practical examples help learners progress confidently.",Advanced course compared with other levels; focus varies from fundamentals to advanced implementation.
Video Editing Mastery Program 43,Beginner,"A comprehensive beginner program covering modern video editing practices through projects, assignments, and real-world case studies.","Develop practical video editing skills, complete industry-style projects, and build professional confidence.",$414,12% discount for early enrollment.,Instructor 43 has 12 years of experience and has trained professionals across multiple industries.,"Industry certification level 3, conference speaker, and mentor.",Student review 43: The course provided valuable practical knowledge and helped accelerate career growth.,"Learner 43 completed the course, built a strong portfolio, and achieved measurable professional advancement.","Can I learn at my own pace? Yes, all lessons are self-paced and available on demand.",I am worried that the course may be too difficult.,"Step-by-step guidance, support resources, and practical examples help learners progress confidently.",Beginner course compared with other levels; focus varies from fundamentals to advanced implementation.
Photography Mastery Program 44,Intermediate,"A comprehensive intermediate program covering modern photography practices through projects, assignments, and real-world case studies.","Develop practical photography skills, complete industry-style projects, and build professional confidence.",$421,13% discount for early enrollment.,Instructor 44 has 13 years of experience and has trained professionals across multiple industries.,"Industry certification level 4, conference speaker, and mentor.",Student review 44: The course provided valuable practical knowledge and helped accelerate career growth.,"Learner 44 completed the course, built a strong portfolio, and achieved measurable professional advancement.","Can I learn at my own pace? Yes, all lessons are self-paced and available on demand.",I am worried that the course may be too difficult.,"Step-by-step guidance, support resources, and practical examples help learners progress confidently.",Intermediate course compared with other levels; focus varies from fundamentals to advanced implementation.
E Commerce Mastery Program 45,Advanced,"A comprehensive advanced program covering modern e commerce practices through projects, assignments, and real-world case studies.","Develop practical e commerce skills, complete industry-style projects, and build professional confidence.",$428,14% discount for early enrollment.,Instructor 45 has 14 years of experience and has trained professionals across multiple industries.,"Industry certification level 5, conference speaker, and mentor.",Student review 45: The course provided valuable practical knowledge and helped accelerate career growth.,"Learner 45 completed the course, built a strong portfolio, and achieved measurable professional advancement.","Can I learn at my own pace? Yes, all lessons are self-paced and available on demand.",I am worried that the course may be too difficult.,"Step-by-step guidance, support resources, and practical examples help learners progress confidently.",Advanced course compared with other levels; focus varies from fundamentals to advanced implementation.
Sales Management Mastery Program 46,Beginner,"A comprehensive beginner program covering modern sales management practices through projects, assignments, and real-world case studies.","Develop practical sales management skills, complete industry-style projects, and build professional confidence.",$435,15% discount for early enrollment.,Instructor 46 has 15 years of experience and has trained professionals across multiple industries.,"Industry certification level 6, conference speaker, and mentor.",Student review 46: The course provided valuable practical knowledge and helped accelerate career growth.,"Learner 46 completed the course, built a strong portfolio, and achieved measurable professional advancement.","Can I learn at my own pace? Yes, all lessons are self-paced and available on demand.",I am worried that the course may be too difficult.,"Step-by-step guidance, support resources, and practical examples help learners progress confidently.",Beginner course compared with other levels; focus varies from fundamentals to advanced implementation.
Customer Success Mastery Program 47,Intermediate,"A comprehensive intermediate program covering modern customer success practices through projects, assignments, and real-world case studies.","Develop practical customer success skills, complete industry-style projects, and build professional confidence.",$442,16% discount for early enrollment.,Instructor 47 has 16 years of experience and has trained professionals across multiple industries.,"Industry certification level 7, conference speaker, and mentor.",Student review 47: The course provided valuable practical knowledge and helped accelerate career growth.,"Learner 47 completed the course, built a strong portfolio, and achieved measurable professional advancement.","Can I learn at my own pace? Yes, all lessons are self-paced and available on demand.",I am worried that the course may be too difficult.,"Step-by-step guidance, support resources, and practical examples help learners progress confidently.",Intermediate course compared with other levels; focus varies from fundamentals to advanced implementation.
Blockchain Mastery Program 48,Advanced,"A comprehensive advanced program covering modern blockchain practices through projects, assignments, and real-world case studies.","Develop practical blockchain skills, complete industry-style projects, and build professional confidence.",$449,17% discount for early enrollment.,Instructor 48 has 17 years of experience and has trained professionals across multiple industries.,"Industry certification level 8, conference speaker, and mentor.",Student review 48: The course provided valuable practical knowledge and helped accelerate career growth.,"Learner 48 completed the course, built a strong portfolio, and achieved measurable professional advancement.","Can I learn at my own pace? Yes, all lessons are self-paced and available on demand.",I am worried that the course may be too difficult.,"Step-by-step guidance, support resources, and practical examples help learners progress confidently.",Advanced course compared with other levels; focus varies from fundamentals to advanced implementation.
Game Development Mastery Program 49,Beginner,"A comprehensive beginner program covering modern game development practices through projects, assignments, and real-world case studies.","Develop practical game development skills, complete industry-style projects, and build professional confidence.",$456,18% discount for early enrollment.,Instructor 49 has 6 years of experience and has trained professionals across multiple industries.,"Industry certification level 1, conference speaker, and mentor.",Student review 49: The course provided valuable practical knowledge and helped accelerate career growth.,"Learner 49 completed the course, built a strong portfolio, and achieved measurable professional advancement.","Can I learn at my own pace? Yes, all lessons are self-paced and available on demand.",I am worried that the course may be too difficult.,"Step-by-step guidance, support resources, and practical examples help learners progress confidently.",Beginner course compared with other levels; focus varies from fundamentals to advanced implementation.
QA Testing Mastery Program 50,Intermediate,"A comprehensive intermediate program covering modern qa testing practices through projects, assignments, and real-world case studies.","Develop practical qa testing skills, complete industry-style projects, and build professional confidence.",$463,19% discount for early enrollment.,Instructor 50 has 7 years of experience and has trained professionals across multiple industries.,"Industry certification level 2, conference speaker, and mentor.",Student review 50: The course provided valuable practical knowledge and helped accelerate career growth.,"Learner 50 completed the course, built a strong portfolio, and achieved measurable professional advancement.","Can I learn at my own pace? Yes, all lessons are self-paced and available on demand.",I am worried that the course may be too difficult.,"Step-by-step guidance, support resources, and practical examples help learners progress confidently.",Intermediate course compared with other levels; focus varies from fundamentals to advanced implementation.
